Number.of.Existing.Stories,Number.of.Proposed.Stories,Estimated.Cost, Revised.Cost
Min.   : 0.000  ,Min.   : 0.00  ,Min.   :1.00e+00  ,Min.   :        0  
1st Qu.: 2.000  ,1st Qu.: 2.00  ,1st Qu.:3.30e+03  ,1st Qu.:        1  
Median : 3.000  ,Median : 3.00  ,Median :1.10e+04  ,Median :     7000  
Mean   : 5.124  ,Mean   : 5.75  ,Mean   :1.69e+05  ,Mean   :   132856  
3rd Qu.: 3.000  ,3rd Qu.: 4.00  ,3rd Qu.:3.50e+04  ,3rd Qu.:    28708  
Max.   :78.000  ,Max.   :78.00  ,Max.   :5.38e+08  ,Max.   :780500000  
NA,NA's   :42868  ,NA's   :38066  ,NA's   :6066  
